,PassengerId,Survived,Age,SibSp,Parch,Fare,Family_Size,Age*Class,FarePerPerson,2,3,male,Q,S,Miss,Mr,Mrs
0,1,0,22.0,1,0,7.25,1,66.0,3.625,0,1,1,0,1,0,1,0
1,2,1,38.0,1,0,71.2833,1,38.0,35.64165,0,0,0,0,0,0,0,1
2,3,1,26.0,0,0,7.925,0,78.0,7.925,0,1,0,0,1,1,0,0
3,4,1,35.0,1,0,53.1,1,35.0,26.55,0,0,0,0,1,0,0,1
4,5,0,35.0,0,0,8.05,0,105.0,8.05,0,1,1,0,1,0,1,0
5,6,0,28.0,0,0,8.4583,0,84.0,8.4583,0,1,1,1,0,0,1,0
6,7,0,54.0,0,0,51.8625,0,54.0,51.8625,0,0,1,0,1,0,1,0
7,8,0,2.0,3,1,21.075,4,6.0,4.215,0,1,1,0,1,0,0,0
8,9,1,27.0,0,2,11.1333,2,81.0,3.7111,0,1,0,0,1,0,0,1
9,10,1,14.0,1,0,30.0708,1,28.0,15.0354,1,0,0,0,0,0,0,1
10,11,1,4.0,1,1,16.7,2,12.0,5.566666666666666,0,1,0,0,1,1,0,0
11,12,1,58.0,0,0,26.55,0,58.0,26.55,0,0,0,0,1,1,0,0
12,13,0,20.0,0,0,8.05,0,60.0,8.05,0,1,1,0,1,0,1,0
13,14,0,39.0,1,5,31.275,6,117.0,4.4678571428571425,0,1,1,0,1,0,1,0
14,15,0,14.0,0,0,7.8542,0,42.0,7.8542,0,1,0,0,1,1,0,0
15,16,1,55.0,0,0,16.0,0,110.0,16.0,1,0,0,0,1,0,0,1
16,17,0,2.0,4,1,29.125,5,6.0,4.854166666666667,0,1,1,1,0,0,0,0
17,18,1,28.0,0,0,13.0,0,56.0,13.0,1,0,1,0,1,0,1,0
18,19,0,31.0,1,0,18.0,1,93.0,9.0,0,1,0,0,1,0,0,1
19,20,1,28.0,0,0,7.225,0,84.0,7.225,0,1,0,0,0,0,0,1
20,21,0,35.0,0,0,26.0,0,70.0,26.0,1,0,1,0,1,0,1,0
21,22,1,34.0,0,0,13.0,0,68.0,13.0,1,0,1,0,1,0,1,0
22,23,1,15.0,0,0,8.0292,0,45.0,8.0292,0,1,0,1,0,1,0,0
23,24,1,28.0,0,0,35.5,0,28.0,35.5,0,0,1,0,1,0,1,0
24,25,0,8.0,3,1,21.075,4,24.0,4.215,0,1,0,0,1,1,0,0
25,26,1,38.0,1,5,31.3875,6,114.0,4.483928571428572,0,1,0,0,1,0,0,1
26,27,0,28.0,0,0,7.225,0,84.0,7.225,0,1,1,0,0,0,1,0
27,28,0,19.0,3,2,263.0,5,19.0,43.833333333333336,0,0,1,0,1,0,1,0
28,29,1,28.0,0,0,7.8792,0,84.0,7.8792,0,1,0,1,0,1,0,0
29,30,0,28.0,0,0,7.8958,0,84.0,7.8958,0,1,1,0,1,0,1,0
30,31,0,40.0,0,0,27.7208,0,40.0,27.7208,0,0,1,0,0,0,1,0
31,32,1,28.0,1,0,146.5208,1,28.0,73.2604,0,0,0,0,0,0,0,1
32,33,1,28.0,0,0,7.75,0,84.0,7.75,0,1,0,1,0,1,0,0
33,34,0,66.0,0,0,10.5,0,132.0,10.5,1,0,1,0,1,0,1,0
34,35,0,28.0,1,0,82.1708,1,28.0,41.0854,0,0,1,0,0,0,1,0
35,36,0,42.0,1,0,52.0,1,42.0,26.0,0,0,1,0,1,0,1,0
36,37,1,28.0,0,0,7.2292,0,84.0,7.2292,0,1,1,0,0,0,1,0
37,38,0,21.0,0,0,8.05,0,63.0,8.05,0,1,1,0,1,0,1,0
38,39,0,18.0,2,0,18.0,2,54.0,6.0,0,1,0,0,1,1,0,0
39,40,1,14.0,1,0,11.2417,1,42.0,5.62085,0,1,0,0,0,1,0,0
40,41,0,40.0,1,0,9.475,1,120.0,4.7375,0,1,0,0,1,0,0,1
41,42,0,27.0,1,0,21.0,1,54.0,10.5,1,0,0,0,1,0,0,1
42,43,0,28.0,0,0,7.8958,0,84.0,7.8958,0,1,1,0,0,0,1,0
43,44,1,3.0,1,2,41.5792,3,6.0,10.3948,1,0,0,0,0,1,0,0
44,45,1,19.0,0,0,7.8792,0,57.0,7.8792,0,1,0,1,0,1,0,0
45,46,0,28.0,0,0,8.05,0,84.0,8.05,0,1,1,0,1,0,1,0
46,47,0,28.0,1,0,15.5,1,84.0,7.75,0,1,1,1,0,0,1,0
47,48,1,28.0,0,0,7.75,0,84.0,7.75,0,1,0,1,0,1,0,0
48,49,0,28.0,2,0,21.6792,2,84.0,7.226400000000001,0,1,1,0,0,0,1,0
49,50,0,18.0,1,0,17.8,1,54.0,8.9,0,1,0,0,1,0,0,1
50,51,0,7.0,4,1,39.6875,5,21.0,6.614583333333333,0,1,1,0,1,0,0,0
51,52,0,21.0,0,0,7.8,0,63.0,7.8,0,1,1,0,1,0,1,0
52,53,1,49.0,1,0,76.7292,1,49.0,38.3646,0,0,0,0,0,0,0,1
53,54,1,29.0,1,0,26.0,1,58.0,13.0,1,0,0,0,1,0,0,1
54,55,0,65.0,0,1,61.9792,1,65.0,30.9896,0,0,1,0,0,0,1,0
55,56,1,28.0,0,0,35.5,0,28.0,35.5,0,0,1,0,1,0,1,0
56,57,1,21.0,0,0,10.5,0,42.0,10.5,1,0,0,0,1,1,0,0
57,58,0,28.5,0,0,7.2292,0,85.5,7.2292,0,1,1,0,0,0,1,0
58,59,1,5.0,1,2,27.75,3,10.0,6.9375,1,0,0,0,1,1,0,0
59,60,0,11.0,5,2,46.9,7,33.0,5.8625,0,1,1,0,1,0,0,0
60,61,0,22.0,0,0,7.2292,0,66.0,7.2292,0,1,1,0,0,0,1,0
61,62,1,38.0,0,0,80.0,0,38.0,80.0,0,0,0,0,0,1,0,0
62,63,0,45.0,1,0,83.475,1,45.0,41.7375,0,0,1,0,1,0,1,0
63,64,0,4.0,3,2,27.9,5,12.0,4.6499999999999995,0,1,1,0,1,0,0,0
64,65,0,28.0,0,0,27.7208,0,28.0,27.7208,0,0,1,0,0,0,1,0
65,66,1,28.0,1,1,15.2458,2,84.0,5.081933333333333,0,1,1,0,0,0,0,0
66,67,1,29.0,0,0,10.5,0,58.0,10.5,1,0,0,0,1,0,0,1
67,68,0,19.0,0,0,8.1583,0,57.0,8.1583,0,1,1,0,1,0,1,0
68,69,1,17.0,4,2,7.925,6,51.0,1.1321428571428571,0,1,0,0,1,1,0,0
69,70,0,26.0,2,0,8.6625,2,78.0,2.8874999999999997,0,1,1,0,1,0,1,0
70,71,0,32.0,0,0,10.5,0,64.0,10.5,1,0,1,0,1,0,1,0
71,72,0,16.0,5,2,46.9,7,48.0,5.8625,0,1,0,0,1,1,0,0
72,73,0,21.0,0,0,73.5,0,42.0,73.5,1,0,1,0,1,0,1,0
73,74,0,26.0,1,0,14.4542,1,78.0,7.2271,0,1,1,0,0,0,1,0
74,75,1,32.0,0,0,56.4958,0,96.0,56.4958,0,1,1,0,1,0,1,0
75,76,0,25.0,0,0,7.65,0,75.0,7.65,0,1,1,0,1,0,1,0
76,77,0,28.0,0,0,7.8958,0,84.0,7.8958,0,1,1,0,1,0,1,0
77,78,0,28.0,0,0,8.05,0,84.0,8.05,0,1,1,0,1,0,1,0
78,79,1,0.83,0,2,29.0,2,1.66,9.666666666666666,1,0,1,0,1,0,0,0
79,80,1,30.0,0,0,12.475,0,90.0,12.475,0,1,0,0,1,1,0,0
80,81,0,22.0,0,0,9.0,0,66.0,9.0,0,1,1,0,1,0,1,0
81,82,1,29.0,0,0,9.5,0,87.0,9.5,0,1,1,0,1,0,1,0
82,83,1,28.0,0,0,7.7875,0,84.0,7.7875,0,1,0,1,0,1,0,0
83,84,0,28.0,0,0,47.1,0,28.0,47.1,0,0,1,0,1,0,1,0
84,85,1,17.0,0,0,10.5,0,34.0,10.5,1,0,0,0,1,1,0,0
85,86,1,33.0,3,0,15.85,3,99.0,3.9625,0,1,0,0,1,0,0,1
86,87,0,16.0,1,3,34.375,4,48.0,6.875,0,1,1,0,1,0,1,0
87,88,0,28.0,0,0,8.05,0,84.0,8.05,0,1,1,0,1,0,1,0
88,89,1,23.0,3,2,263.0,5,23.0,43.833333333333336,0,0,0,0,1,1,0,0
89,90,0,24.0,0,0,8.05,0,72.0,8.05,0,1,1,0,1,0,1,0
90,91,0,29.0,0,0,8.05,0,87.0,8.05,0,1,1,0,1,0,1,0
91,92,0,20.0,0,0,7.8542,0,60.0,7.8542,0,1,1,0,1,0,1,0
92,93,0,46.0,1,0,61.175,1,46.0,30.5875,0,0,1,0,1,0,1,0
93,94,0,26.0,1,2,20.575,3,78.0,5.14375,0,1,1,0,1,0,1,0
94,95,0,59.0,0,0,7.25,0,177.0,7.25,0,1,1,0,1,0,1,0
95,96,0,28.0,0,0,8.05,0,84.0,8.05,0,1,1,0,1,0,1,0
96,97,0,71.0,0,0,34.6542,0,71.0,34.6542,0,0,1,0,0,0,1,0
97,98,1,23.0,0,1,63.3583,1,23.0,31.67915,0,0,1,0,0,0,1,0
98,99,1,34.0,0,1,23.0,1,68.0,11.5,1,0,0,0,1,0,0,1
99,100,0,34.0,1,0,26.0,1,68.0,13.0,1,0,1,0,1,0,1,0
100,101,0,28.0,0,0,7.8958,0,84.0,7.8958,0,1,0,0,1,1,0,0
101,102,0,28.0,0,0,7.8958,0,84.0,7.8958,0,1,1,0,1,0,1,0
102,103,0,21.0,0,1,77.2875,1,21.0,38.64375,0,0,1,0,1,0,1,0
103,104,0,33.0,0,0,8.6542,0,99.0,8.6542,0,1,1,0,1,0,1,0
104,105,0,37.0,2,0,7.925,2,111.0,2.6416666666666666,0,1,1,0,1,0,1,0
105,106,0,28.0,0,0,7.8958,0,84.0,7.8958,0,1,1,0,1,0,1,0
106,107,1,21.0,0,0,7.65,0,63.0,7.65,0,1,0,0,1,1,0,0
107,108,1,28.0,0,0,7.775,0,84.0,7.775,0,1,1,0,1,0,1,0
108,109,0,38.0,0,0,7.8958,0,114.0,7.8958,0,1,1,0,1,0,1,0
109,110,1,28.0,1,0,24.15,1,84.0,12.075,0,1,0,1,0,1,0,0
110,111,0,47.0,0,0,52.0,0,47.0,52.0,0,0,1,0,1,0,1,0
111,112,0,14.5,1,0,14.4542,1,43.5,7.2271,0,1,0,0,0,1,0,0
112,113,0,22.0,0,0,8.05,0,66.0,8.05,0,1,1,0,1,0,1,0
113,114,0,20.0,1,0,9.825,1,60.0,4.9125,0,1,0,0,1,1,0,0
114,115,0,17.0,0,0,14.4583,0,51.0,14.4583,0,1,0,0,0,1,0,0
115,116,0,21.0,0,0,7.925,0,63.0,7.925,0,1,1,0,1,0,1,0
116,117,0,70.5,0,0,7.75,0,211.5,7.75,0,1,1,1,0,0,1,0
117,118,0,29.0,1,0,21.0,1,58.0,10.5,1,0,1,0,1,0,1,0
118,119,0,24.0,0,1,247.5208,1,24.0,123.7604,0,0,1,0,0,0,1,0
119,120,0,2.0,4,2,31.275,6,6.0,4.4678571428571425,0,1,0,0,1,1,0,0
120,121,0,21.0,2,0,73.5,2,42.0,24.5,1,0,1,0,1,0,1,0
121,122,0,28.0,0,0,8.05,0,84.0,8.05,0,1,1,0,1,0,1,0
122,123,0,32.5,1,0,30.0708,1,65.0,15.0354,1,0,1,0,0,0,1,0
123,124,1,32.5,0,0,13.0,0,65.0,13.0,1,0,0,0,1,1,0,0
124,125,0,54.0,0,1,77.2875,1,54.0,38.64375,0,0,1,0,1,0,1,0
125,126,1,12.0,1,0,11.2417,1,36.0,5.62085,0,1,1,0,0,0,0,0
126,127,0,28.0,0,0,7.75,0,84.0,7.75,0,1,1,1,0,0,1,0
127,128,1,24.0,0,0,7.1417,0,72.0,7.1417,0,1,1,0,1,0,1,0
128,129,1,28.0,1,1,22.3583,2,84.0,7.452766666666666,0,1,0,0,0,1,0,0
129,130,0,45.0,0,0,6.975,0,135.0,6.975,0,1,1,0,1,0,1,0
130,131,0,33.0,0,0,7.8958,0,99.0,7.8958,0,1,1,0,0,0,1,0
131,132,0,20.0,0,0,7.05,0,60.0,7.05,0,1,1,0,1,0,1,0
132,133,0,47.0,1,0,14.5,1,141.0,7.25,0,1,0,0,1,0,0,1
133,134,1,29.0,1,0,26.0,1,58.0,13.0,1,0,0,0,1,0,0,1
134,135,0,25.0,0,0,13.0,0,50.0,13.0,1,0,1,0,1,0,1,0
135,136,0,23.0,0,0,15.0458,0,46.0,15.0458,1,0,1,0,0,0,1,0
136,137,1,19.0,0,2,26.2833,2,19.0,8.7611,0,0,0,0,1,1,0,0
137,138,0,37.0,1,0,53.1,1,37.0,26.55,0,0,1,0,1,0,1,0
138,139,0,16.0,0,0,9.2167,0,48.0,9.2167,0,1,1,0,1,0,1,0
139,140,0,24.0,0,0,79.2,0,24.0,79.2,0,0,1,0,0,0,1,0
140,141,0,28.0,0,2,15.2458,2,84.0,5.081933333333333,0,1,0,0,0,0,0,1
141,142,1,22.0,0,0,7.75,0,66.0,7.75,0,1,0,0,1,1,0,0
142,143,1,24.0,1,0,15.85,1,72.0,7.925,0,1,0,0,1,0,0,1
143,144,0,19.0,0,0,6.75,0,57.0,6.75,0,1,1,1,0,0,1,0
144,145,0,18.0,0,0,11.5,0,36.0,11.5,1,0,1,0,1,0,1,0
145,146,0,19.0,1,1,36.75,2,38.0,12.25,1,0,1,0,1,0,1,0
146,147,1,27.0,0,0,7.7958,0,81.0,7.7958,0,1,1,0,1,0,1,0
147,148,0,9.0,2,2,34.375,4,27.0,6.875,0,1,0,0,1,1,0,0
148,149,0,36.5,0,2,26.0,2,73.0,8.666666666666666,1,0,1,0,1,0,1,0
149,150,0,42.0,0,0,13.0,0,84.0,13.0,1,0,1,0,1,0,1,0
150,151,0,51.0,0,0,12.525,0,102.0,12.525,1,0,1,0,1,0,1,0
151,152,1,22.0,1,0,66.6,1,22.0,33.3,0,0,0,0,1,0,0,1
152,153,0,55.5,0,0,8.05,0,166.5,8.05,0,1,1,0,1,0,1,0
153,154,0,40.5,0,2,14.5,2,121.5,4.833333333333333,0,1,1,0,1,0,1,0
154,155,0,28.0,0,0,7.3125,0,84.0,7.3125,0,1,1,0,1,0,1,0
155,156,0,51.0,0,1,61.3792,1,51.0,30.6896,0,0,1,0,0,0,1,0
156,157,1,16.0,0,0,7.7333,0,48.0,7.7333,0,1,0,1,0,1,0,0
157,158,0,30.0,0,0,8.05,0,90.0,8.05,0,1,1,0,1,0,1,0
158,159,0,28.0,0,0,8.6625,0,84.0,8.6625,0,1,1,0,1,0,1,0
159,160,0,28.0,8,2,69.55,10,84.0,6.322727272727272,0,1,1,0,1,0,0,0
160,161,0,44.0,0,1,16.1,1,132.0,8.05,0,1,1,0,1,0,1,0
161,162,1,40.0,0,0,15.75,0,80.0,15.75,1,0,0,0,1,0,0,1
162,163,0,26.0,0,0,7.775,0,78.0,7.775,0,1,1,0,1,0,1,0
163,164,0,17.0,0,0,8.6625,0,51.0,8.6625,0,1,1,0,1,0,1,0
164,165,0,1.0,4,1,39.6875,5,3.0,6.614583333333333,0,1,1,0,1,0,0,0
165,166,1,9.0,0,2,20.525,2,27.0,6.841666666666666,0,1,1,0,1,0,0,0
166,167,1,28.0,0,1,55.0,1,28.0,27.5,0,0,0,0,1,0,0,1
167,168,0,45.0,1,4,27.9,5,135.0,4.6499999999999995,0,1,0,0,1,0,0,1
168,169,0,28.0,0,0,25.925,0,28.0,25.925,0,0,1,0,1,0,1,0
169,170,0,28.0,0,0,56.4958,0,84.0,56.4958,0,1,1,0,1,0,1,0
170,171,0,61.0,0,0,33.5,0,61.0,33.5,0,0,1,0,1,0,1,0
171,172,0,4.0,4,1,29.125,5,12.0,4.854166666666667,0,1,1,1,0,0,0,0
172,173,1,1.0,1,1,11.1333,2,3.0,3.7111,0,1,0,0,1,1,0,0
173,174,0,21.0,0,0,7.925,0,63.0,7.925,0,1,1,0,1,0,1,0
174,175,0,56.0,0,0,30.6958,0,56.0,30.6958,0,0,1,0,0,0,1,0
175,176,0,18.0,1,1,7.8542,2,54.0,2.6180666666666665,0,1,1,0,1,0,1,0
176,177,0,28.0,3,1,25.4667,4,84.0,5.0933399999999995,0,1,1,0,1,0,0,0
177,178,0,50.0,0,0,28.7125,0,50.0,28.7125,0,0,0,0,0,1,0,0
178,179,0,30.0,0,0,13.0,0,60.0,13.0,1,0,1,0,1,0,1,0
179,180,0,36.0,0,0,0.0,0,108.0,0.0,0,1,1,0,1,0,1,0
180,181,0,28.0,8,2,69.55,10,84.0,6.322727272727272,0,1,0,0,1,1,0,0
181,182,0,28.0,0,0,15.05,0,56.0,15.05,1,0,1,0,0,0,1,0
182,183,0,9.0,4,2,31.3875,6,27.0,4.483928571428572,0,1,1,0,1,0,0,0
183,184,1,1.0,2,1,39.0,3,2.0,9.75,1,0,1,0,1,0,0,0
184,185,1,4.0,0,2,22.025,2,12.0,7.341666666666666,0,1,0,0,1,1,0,0
185,186,0,28.0,0,0,50.0,0,28.0,50.0,0,0,1,0,1,0,1,0
186,187,1,28.0,1,0,15.5,1,84.0,7.75,0,1,0,1,0,0,0,1
187,188,1,45.0,0,0,26.55,0,45.0,26.55,0,0,1,0,1,0,1,0
188,189,0,40.0,1,1,15.5,2,120.0,5.166666666666667,0,1,1,1,0,0,1,0
189,190,0,36.0,0,0,7.8958,0,108.0,7.8958,0,1,1,0,1,0,1,0
190,191,1,32.0,0,0,13.0,0,64.0,13.0,1,0,0,0,1,0,0,1
191,192,0,19.0,0,0,13.0,0,38.0,13.0,1,0,1,0,1,0,1,0
192,193,1,19.0,1,0,7.8542,1,57.0,3.9271,0,1,0,0,1,1,0,0
193,194,1,3.0,1,1,26.0,2,6.0,8.666666666666666,1,0,1,0,1,0,0,0
194,195,1,44.0,0,0,27.7208,0,44.0,27.7208,0,0,0,0,0,0,0,1
195,196,1,58.0,0,0,146.5208,0,58.0,146.5208,0,0,0,0,0,1,0,0
196,197,0,28.0,0,0,7.75,0,84.0,7.75,0,1,1,1,0,0,1,0
197,198,0,42.0,0,1,8.4042,1,126.0,4.2021,0,1,1,0,1,0,1,0
198,199,1,28.0,0,0,7.75,0,84.0,7.75,0,1,0,1,0,1,0,0
199,200,0,24.0,0,0,13.0,0,48.0,13.0,1,0,0,0,1,1,0,0
200,201,0,28.0,0,0,9.5,0,84.0,9.5,0,1,1,0,1,0,1,0
201,202,0,28.0,8,2,69.55,10,84.0,6.322727272727272,0,1,1,0,1,0,1,0
202,203,0,34.0,0,0,6.4958,0,102.0,6.4958,0,1,1,0,1,0,1,0
203,204,0,45.5,0,0,7.225,0,136.5,7.225,0,1,1,0,0,0,1,0
204,205,1,18.0,0,0,8.05,0,54.0,8.05,0,1,1,0,1,0,1,0
205,206,0,2.0,0,1,10.4625,1,6.0,5.23125,0,1,0,0,1,1,0,0
206,207,0,32.0,1,0,15.85,1,96.0,7.925,0,1,1,0,1,0,1,0
207,208,1,26.0,0,0,18.7875,0,78.0,18.7875,0,1,1,0,0,0,1,0
208,209,1,16.0,0,0,7.75,0,48.0,7.75,0,1,0,1,0,1,0,0
209,210,1,40.0,0,0,31.0,0,40.0,31.0,0,0,1,0,0,0,1,0
210,211,0,24.0,0,0,7.05,0,72.0,7.05,0,1,1,0,1,0,1,0
211,212,1,35.0,0,0,21.0,0,70.0,21.0,1,0,0,0,1,1,0,0
212,213,0,22.0,0,0,7.25,0,66.0,7.25,0,1,1,0,1,0,1,0
213,214,0,30.0,0,0,13.0,0,60.0,13.0,1,0,1,0,1,0,1,0
214,215,0,28.0,1,0,7.75,1,84.0,3.875,0,1,1,1,0,0,1,0
215,216,1,31.0,1,0,113.275,1,31.0,56.6375,0,0,0,0,0,1,0,0
216,217,1,27.0,0,0,7.925,0,81.0,7.925,0,1,0,0,1,1,0,0
217,218,0,42.0,1,0,27.0,1,84.0,13.5,1,0,1,0,1,0,1,0
218,219,1,32.0,0,0,76.2917,0,32.0,76.2917,0,0,0,0,0,1,0,0
219,220,0,30.0,0,0,10.5,0,60.0,10.5,1,0,1,0,1,0,1,0
220,221,1,16.0,0,0,8.05,0,48.0,8.05,0,1,1,0,1,0,1,0
221,222,0,27.0,0,0,13.0,0,54.0,13.0,1,0,1,0,1,0,1,0
222,223,0,51.0,0,0,8.05,0,153.0,8.05,0,1,1,0,1,0,1,0
223,224,0,28.0,0,0,7.8958,0,84.0,7.8958,0,1,1,0,1,0,1,0
224,225,1,38.0,1,0,90.0,1,38.0,45.0,0,0,1,0,1,0,1,0
225,226,0,22.0,0,0,9.35,0,66.0,9.35,0,1,1,0,1,0,1,0
226,227,1,19.0,0,0,10.5,0,38.0,10.5,1,0,1,0,1,0,1,0
227,228,0,20.5,0,0,7.25,0,61.5,7.25,0,1,1,0,1,0,1,0
228,229,0,18.0,0,0,13.0,0,36.0,13.0,1,0,1,0,1,0,1,0
229,230,0,28.0,3,1,25.4667,4,84.0,5.0933399999999995,0,1,0,0,1,1,0,0
230,231,1,35.0,1,0,83.475,1,35.0,41.7375,0,0,0,0,1,0,0,1
231,232,0,29.0,0,0,7.775,0,87.0,7.775,0,1,1,0,1,0,1,0
232,233,0,59.0,0,0,13.5,0,118.0,13.5,1,0,1,0,1,0,1,0
233,234,1,5.0,4,2,31.3875,6,15.0,4.483928571428572,0,1,0,0,1,1,0,0
234,235,0,24.0,0,0,10.5,0,48.0,10.5,1,0,1,0,1,0,1,0
235,236,0,28.0,0,0,7.55,0,84.0,7.55,0,1,0,0,1,1,0,0
236,237,0,44.0,1,0,26.0,1,88.0,13.0,1,0,1,0,1,0,1,0
237,238,1,8.0,0,2,26.25,2,16.0,8.75,1,0,0,0,1,1,0,0
238,239,0,19.0,0,0,10.5,0,38.0,10.5,1,0,1,0,1,0,1,0
239,240,0,33.0,0,0,12.275,0,66.0,12.275,1,0,1,0,1,0,1,0
240,241,0,28.0,1,0,14.4542,1,84.0,7.2271,0,1,0,0,0,1,0,0
241,242,1,28.0,1,0,15.5,1,84.0,7.75,0,1,0,1,0,1,0,0
242,243,0,29.0,0,0,10.5,0,58.0,10.5,1,0,1,0,1,0,1,0
243,244,0,22.0,0,0,7.125,0,66.0,7.125,0,1,1,0,1,0,1,0
244,245,0,30.0,0,0,7.225,0,90.0,7.225,0,1,1,0,0,0,1,0
245,246,0,44.0,2,0,90.0,2,44.0,30.0,0,0,1,1,0,0,1,0
246,247,0,25.0,0,0,7.775,0,75.0,7.775,0,1,0,0,1,1,0,0
247,248,1,24.0,0,2,14.5,2,48.0,4.833333333333333,1,0,0,0,1,0,0,1
248,249,1,37.0,1,1,52.5542,2,37.0,17.518066666666666,0,0,1,0,1,0,1,0
249,250,0,54.0,1,0,26.0,1,108.0,13.0,1,0,1,0,1,0,1,0
250,251,0,28.0,0,0,7.25,0,84.0,7.25,0,1,1,0,1,0,1,0
251,252,0,29.0,1,1,10.4625,2,87.0,3.4875000000000003,0,1,0,0,1,0,0,1
252,253,0,62.0,0,0,26.55,0,62.0,26.55,0,0,1,0,1,0,1,0
253,254,0,30.0,1,0,16.1,1,90.0,8.05,0,1,1,0,1,0,1,0
254,255,0,41.0,0,2,20.2125,2,123.0,6.7375,0,1,0,0,1,0,0,1
255,256,1,29.0,0,2,15.2458,2,87.0,5.081933333333333,0,1,0,0,0,0,0,1
256,257,1,28.0,0,0,79.2,0,28.0,79.2,0,0,0,0,0,0,0,1
257,258,1,30.0,0,0,86.5,0,30.0,86.5,0,0,0,0,1,1,0,0
258,259,1,35.0,0,0,512.3292,0,35.0,512.3292,0,0,0,0,0,1,0,0
259,260,1,50.0,0,1,26.0,1,100.0,13.0,1,0,0,0,1,0,0,1
260,261,0,28.0,0,0,7.75,0,84.0,7.75,0,1,1,1,0,0,1,0
261,262,1,3.0,4,2,31.3875,6,9.0,4.483928571428572,0,1,1,0,1,0,0,0
262,263,0,52.0,1,1,79.65,2,52.0,26.55,0,0,1,0,1,0,1,0
263,264,0,40.0,0,0,0.0,0,40.0,0.0,0,0,1,0,1,0,1,0
264,265,0,28.0,0,0,7.75,0,84.0,7.75,0,1,0,1,0,1,0,0
265,266,0,36.0,0,0,10.5,0,72.0,10.5,1,0,1,0,1,0,1,0
266,267,0,16.0,4,1,39.6875,5,48.0,6.614583333333333,0,1,1,0,1,0,1,0
267,268,1,25.0,1,0,7.775,1,75.0,3.8875,0,1,1,0,1,0,1,0
268,269,1,58.0,0,1,153.4625,1,58.0,76.73125,0,0,0,0,1,0,0,1
269,270,1,35.0,0,0,135.6333,0,35.0,135.6333,0,0,0,0,1,1,0,0
270,271,0,28.0,0,0,31.0,0,28.0,31.0,0,0,1,0,1,0,1,0
271,272,1,25.0,0,0,0.0,0,75.0,0.0,0,1,1,0,1,0,1,0
272,273,1,41.0,0,1,19.5,1,82.0,9.75,1,0,0,0,1,0,0,1
273,274,0,37.0,0,1,29.7,1,37.0,14.85,0,0,1,0,0,0,1,0
274,275,1,28.0,0,0,7.75,0,84.0,7.75,0,1,0,1,0,1,0,0
275,276,1,63.0,1,0,77.9583,1,63.0,38.97915,0,0,0,0,1,1,0,0
276,277,0,45.0,0,0,7.75,0,135.0,7.75,0,1,0,0,1,1,0,0
277,278,0,28.0,0,0,0.0,0,56.0,0.0,1,0,1,0,1,0,1,0
278,279,0,7.0,4,1,29.125,5,21.0,4.854166666666667,0,1,1,1,0,0,0,0
279,280,1,35.0,1,1,20.25,2,105.0,6.75,0,1,0,0,1,0,0,1
280,281,0,65.0,0,0,7.75,0,195.0,7.75,0,1,1,1,0,0,1,0
281,282,0,28.0,0,0,7.8542,0,84.0,7.8542,0,1,1,0,1,0,1,0
282,283,0,16.0,0,0,9.5,0,48.0,9.5,0,1,1,0,1,0,1,0
283,284,1,19.0,0,0,8.05,0,57.0,8.05,0,1,1,0,1,0,1,0
284,285,0,28.0,0,0,26.0,0,28.0,26.0,0,0,1,0,1,0,1,0
285,286,0,33.0,0,0,8.6625,0,99.0,8.6625,0,1,1,0,0,0,1,0
286,287,1,30.0,0,0,9.5,0,90.0,9.5,0,1,1,0,1,0,1,0
287,288,0,22.0,0,0,7.8958,0,66.0,7.8958,0,1,1,0,1,0,1,0
288,289,1,42.0,0,0,13.0,0,84.0,13.0,1,0,1,0,1,0,1,0
289,290,1,22.0,0,0,7.75,0,66.0,7.75,0,1,0,1,0,1,0,0
290,291,1,26.0,0,0,78.85,0,26.0,78.85,0,0,0,0,1,1,0,0
291,292,1,19.0,1,0,91.0792,1,19.0,45.5396,0,0,0,0,0,0,0,1
292,293,0,36.0,0,0,12.875,0,72.0,12.875,1,0,1,0,0,0,1,0
293,294,0,24.0,0,0,8.85,0,72.0,8.85,0,1,0,0,1,1,0,0
294,295,0,24.0,0,0,7.8958,0,72.0,7.8958,0,1,1,0,1,0,1,0
295,296,0,28.0,0,0,27.7208,0,28.0,27.7208,0,0,1,0,0,0,1,0
296,297,0,23.5,0,0,7.2292,0,70.5,7.2292,0,1,1,0,0,0,1,0
297,298,0,2.0,1,2,151.55,3,2.0,37.8875,0,0,0,0,1,1,0,0
298,299,1,28.0,0,0,30.5,0,28.0,30.5,0,0,1,0,1,0,1,0
299,300,1,50.0,0,1,247.5208,1,50.0,123.7604,0,0,0,0,0,0,0,1
300,301,1,28.0,0,0,7.75,0,84.0,7.75,0,1,0,1,0,1,0,0
301,302,1,28.0,2,0,23.25,2,84.0,7.75,0,1,1,1,0,0,1,0
302,303,0,19.0,0,0,0.0,0,57.0,0.0,0,1,1,0,1,0,1,0
303,304,1,28.0,0,0,12.35,0,56.0,12.35,1,0,0,1,0,1,0,0
304,305,0,28.0,0,0,8.05,0,84.0,8.05,0,1,1,0,1,0,1,0
305,306,1,0.92,1,2,151.55,3,0.92,37.8875,0,0,1,0,1,0,0,0
306,307,1,28.0,0,0,110.8833,0,28.0,110.8833,0,0,0,0,0,1,0,0
307,308,1,17.0,1,0,108.9,1,17.0,54.45,0,0,0,0,0,0,0,1
308,309,0,30.0,1,0,24.0,1,60.0,12.0,1,0,1,0,0,0,1,0
309,310,1,30.0,0,0,56.9292,0,30.0,56.9292,0,0,0,0,0,1,0,0
310,311,1,24.0,0,0,83.1583,0,24.0,83.1583,0,0,0,0,0,1,0,0
311,312,1,18.0,2,2,262.375,4,18.0,52.475,0,0,0,0,0,1,0,0
312,313,0,26.0,1,1,26.0,2,52.0,8.666666666666666,1,0,0,0,1,0,0,1
313,314,0,28.0,0,0,7.8958,0,84.0,7.8958,0,1,1,0,1,0,1,0
314,315,0,43.0,1,1,26.25,2,86.0,8.75,1,0,1,0,1,0,1,0
315,316,1,26.0,0,0,7.8542,0,78.0,7.8542,0,1,0,0,1,1,0,0
316,317,1,24.0,1,0,26.0,1,48.0,13.0,1,0,0,0,1,0,0,1
317,318,0,54.0,0,0,14.0,0,108.0,14.0,1,0,1,0,1,0,1,0
318,319,1,31.0,0,2,164.8667,2,31.0,54.95556666666667,0,0,0,0,1,1,0,0
319,320,1,40.0,1,1,134.5,2,40.0,44.833333333333336,0,0,0,0,0,0,0,1
320,321,0,22.0,0,0,7.25,0,66.0,7.25,0,1,1,0,1,0,1,0
321,322,0,27.0,0,0,7.8958,0,81.0,7.8958,0,1,1,0,1,0,1,0
322,323,1,30.0,0,0,12.35,0,60.0,12.35,1,0,0,1,0,1,0,0
323,324,1,22.0,1,1,29.0,2,44.0,9.666666666666666,1,0,0,0,1,0,0,1
324,325,0,28.0,8,2,69.55,10,84.0,6.322727272727272,0,1,1,0,1,0,1,0
325,326,1,36.0,0,0,135.6333,0,36.0,135.6333,0,0,0,0,0,1,0,0
326,327,0,61.0,0,0,6.2375,0,183.0,6.2375,0,1,1,0,1,0,1,0
327,328,1,36.0,0,0,13.0,0,72.0,13.0,1,0,0,0,1,0,0,1
328,329,1,31.0,1,1,20.525,2,93.0,6.841666666666666,0,1,0,0,1,0,0,1
329,330,1,16.0,0,1,57.9792,1,16.0,28.9896,0,0,0,0,0,1,0,0
330,331,1,28.0,2,0,23.25,2,84.0,7.75,0,1,0,1,0,1,0,0
331,332,0,45.5,0,0,28.5,0,45.5,28.5,0,0,1,0,1,0,1,0
332,333,0,38.0,0,1,153.4625,1,38.0,76.73125,0,0,1,0,1,0,1,0
333,334,0,16.0,2,0,18.0,2,48.0,6.0,0,1,1,0,1,0,1,0
334,335,1,28.0,1,0,133.65,1,28.0,66.825,0,0,0,0,1,0,0,1
335,336,0,28.0,0,0,7.8958,0,84.0,7.8958,0,1,1,0,1,0,1,0
336,337,0,29.0,1,0,66.6,1,29.0,33.3,0,0,1,0,1,0,1,0
337,338,1,41.0,0,0,134.5,0,41.0,134.5,0,0,0,0,0,1,0,0
338,339,1,45.0,0,0,8.05,0,135.0,8.05,0,1,1,0,1,0,1,0
339,340,0,45.0,0,0,35.5,0,45.0,35.5,0,0,1,0,1,0,1,0
340,341,1,2.0,1,1,26.0,2,4.0,8.666666666666666,1,0,1,0,1,0,0,0
341,342,1,24.0,3,2,263.0,5,24.0,43.833333333333336,0,0,0,0,1,1,0,0
342,343,0,28.0,0,0,13.0,0,56.0,13.0,1,0,1,0,1,0,1,0
343,344,0,25.0,0,0,13.0,0,50.0,13.0,1,0,1,0,1,0,1,0
344,345,0,36.0,0,0,13.0,0,72.0,13.0,1,0,1,0,1,0,1,0
345,346,1,24.0,0,0,13.0,0,48.0,13.0,1,0,0,0,1,1,0,0
346,347,1,40.0,0,0,13.0,0,80.0,13.0,1,0,0,0,1,1,0,0
347,348,1,28.0,1,0,16.1,1,84.0,8.05,0,1,0,0,1,0,0,1
348,349,1,3.0,1,1,15.9,2,9.0,5.3,0,1,1,0,1,0,0,0
349,350,0,42.0,0,0,8.6625,0,126.0,8.6625,0,1,1,0,1,0,1,0
350,351,0,23.0,0,0,9.225,0,69.0,9.225,0,1,1,0,1,0,1,0
351,352,0,28.0,0,0,35.0,0,28.0,35.0,0,0,1,0,1,0,1,0
352,353,0,15.0,1,1,7.2292,2,45.0,2.409733333333333,0,1,1,0,0,0,1,0
353,354,0,25.0,1,0,17.8,1,75.0,8.9,0,1,1,0,1,0,1,0
354,355,0,28.0,0,0,7.225,0,84.0,7.225,0,1,1,0,0,0,1,0
355,356,0,28.0,0,0,9.5,0,84.0,9.5,0,1,1,0,1,0,1,0
356,357,1,22.0,0,1,55.0,1,22.0,27.5,0,0,0,0,1,1,0,0
357,358,0,38.0,0,0,13.0,0,76.0,13.0,1,0,0,0,1,1,0,0
358,359,1,28.0,0,0,7.8792,0,84.0,7.8792,0,1,0,1,0,1,0,0
359,360,1,28.0,0,0,7.8792,0,84.0,7.8792,0,1,0,1,0,1,0,0
360,361,0,40.0,1,4,27.9,5,120.0,4.6499999999999995,0,1,1,0,1,0,1,0
361,362,0,29.0,1,0,27.7208,1,58.0,13.8604,1,0,1,0,0,0,1,0
362,363,0,45.0,0,1,14.4542,1,135.0,7.2271,0,1,0,0,0,0,0,1
363,364,0,35.0,0,0,7.05,0,105.0,7.05,0,1,1,0,1,0,1,0
364,365,0,28.0,1,0,15.5,1,84.0,7.75,0,1,1,1,0,0,1,0
365,366,0,30.0,0,0,7.25,0,90.0,7.25,0,1,1,0,1,0,1,0
366,367,1,60.0,1,0,75.25,1,60.0,37.625,0,0,0,0,0,0,0,1
367,368,1,28.0,0,0,7.2292,0,84.0,7.2292,0,1,0,0,0,0,0,1
368,369,1,28.0,0,0,7.75,0,84.0,7.75,0,1,0,1,0,1,0,0
369,370,1,24.0,0,0,69.3,0,24.0,69.3,0,0,0,0,0,0,0,1
370,371,1,25.0,1,0,55.4417,1,25.0,27.72085,0,0,1,0,0,0,1,0
371,372,0,18.0,1,0,6.4958,1,54.0,3.2479,0,1,1,0,1,0,1,0
372,373,0,19.0,0,0,8.05,0,57.0,8.05,0,1,1,0,1,0,1,0
373,374,0,22.0,0,0,135.6333,0,22.0,135.6333,0,0,1,0,0,0,1,0
374,375,0,3.0,3,1,21.075,4,9.0,4.215,0,1,0,0,1,1,0,0
375,376,1,28.0,1,0,82.1708,1,28.0,41.0854,0,0,0,0,0,0,0,1
376,377,1,22.0,0,0,7.25,0,66.0,7.25,0,1,0,0,1,1,0,0
377,378,0,27.0,0,2,211.5,2,27.0,70.5,0,0,1,0,0,0,1,0
378,379,0,20.0,0,0,4.0125,0,60.0,4.0125,0,1,1,0,0,0,1,0
379,380,0,19.0,0,0,7.775,0,57.0,7.775,0,1,1,0,1,0,1,0
380,381,1,42.0,0,0,227.525,0,42.0,227.525,0,0,0,0,0,1,0,0
381,382,1,1.0,0,2,15.7417,2,3.0,5.247233333333333,0,1,0,0,0,1,0,0
382,383,0,32.0,0,0,7.925,0,96.0,7.925,0,1,1,0,1,0,1,0
383,384,1,35.0,1,0,52.0,1,35.0,26.0,0,0,0,0,1,0,0,1
384,385,0,28.0,0,0,7.8958,0,84.0,7.8958,0,1,1,0,1,0,1,0
385,386,0,18.0,0,0,73.5,0,36.0,73.5,1,0,1,0,1,0,1,0
386,387,0,1.0,5,2,46.9,7,3.0,5.8625,0,1,1,0,1,0,0,0
387,388,1,36.0,0,0,13.0,0,72.0,13.0,1,0,0,0,1,1,0,0
388,389,0,28.0,0,0,7.7292,0,84.0,7.7292,0,1,1,1,0,0,1,0
389,390,1,17.0,0,0,12.0,0,34.0,12.0,1,0,0,0,0,1,0,0
390,391,1,36.0,1,2,120.0,3,36.0,30.0,0,0,1,0,1,0,1,0
391,392,1,21.0,0,0,7.7958,0,63.0,7.7958,0,1,1,0,1,0,1,0
392,393,0,28.0,2,0,7.925,2,84.0,2.6416666666666666,0,1,1,0,1,0,1,0
393,394,1,23.0,1,0,113.275,1,23.0,56.6375,0,0,0,0,0,1,0,0
394,395,1,24.0,0,2,16.7,2,72.0,5.566666666666666,0,1,0,0,1,0,0,1
395,396,0,22.0,0,0,7.7958,0,66.0,7.7958,0,1,1,0,1,0,1,0
396,397,0,31.0,0,0,7.8542,0,93.0,7.8542,0,1,0,0,1,1,0,0
397,398,0,46.0,0,0,26.0,0,92.0,26.0,1,0,1,0,1,0,1,0
398,399,0,23.0,0,0,10.5,0,46.0,10.5,1,0,1,0,1,0,1,0
399,400,1,28.0,0,0,12.65,0,56.0,12.65,1,0,0,0,1,0,0,1
400,401,1,39.0,0,0,7.925,0,117.0,7.925,0,1,1,0,1,0,1,0
401,402,0,26.0,0,0,8.05,0,78.0,8.05,0,1,1,0,1,0,1,0
402,403,0,21.0,1,0,9.825,1,63.0,4.9125,0,1,0,0,1,1,0,0
403,404,0,28.0,1,0,15.85,1,84.0,7.925,0,1,1,0,1,0,1,0
404,405,0,20.0,0,0,8.6625,0,60.0,8.6625,0,1,0,0,1,1,0,0
405,406,0,34.0,1,0,21.0,1,68.0,10.5,1,0,1,0,1,0,1,0
406,407,0,51.0,0,0,7.75,0,153.0,7.75,0,1,1,0,1,0,1,0
407,408,1,3.0,1,1,18.75,2,6.0,6.25,1,0,1,0,1,0,0,0
408,409,0,21.0,0,0,7.775,0,63.0,7.775,0,1,1,0,1,0,1,0
409,410,0,28.0,3,1,25.4667,4,84.0,5.0933399999999995,0,1,0,0,1,1,0,0
410,411,0,28.0,0,0,7.8958,0,84.0,7.8958,0,1,1,0,1,0,1,0
411,412,0,28.0,0,0,6.8583,0,84.0,6.8583,0,1,1,1,0,0,1,0
412,413,1,33.0,1,0,90.0,1,33.0,45.0,0,0,0,1,0,1,0,0
413,414,0,28.0,0,0,0.0,0,56.0,0.0,1,0,1,0,1,0,1,0
414,415,1,44.0,0,0,7.925,0,132.0,7.925,0,1,1,0,1,0,1,0
415,416,0,28.0,0,0,8.05,0,84.0,8.05,0,1,0,0,1,0,0,1
416,417,1,34.0,1,1,32.5,2,68.0,10.833333333333334,1,0,0,0,1,0,0,1
417,418,1,18.0,0,2,13.0,2,36.0,4.333333333333333,1,0,0,0,1,1,0,0
418,419,0,30.0,0,0,13.0,0,60.0,13.0,1,0,1,0,1,0,1,0
419,420,0,10.0,0,2,24.15,2,30.0,8.049999999999999,0,1,0,0,1,1,0,0
420,421,0,28.0,0,0,7.8958,0,84.0,7.8958,0,1,1,0,0,0,1,0
421,422,0,21.0,0,0,7.7333,0,63.0,7.7333,0,1,1,1,0,0,1,0
422,423,0,29.0,0,0,7.875,0,87.0,7.875,0,1,1,0,1,0,1,0
423,424,0,28.0,1,1,14.4,2,84.0,4.8,0,1,0,0,1,0,0,1
424,425,0,18.0,1,1,20.2125,2,54.0,6.7375,0,1,1,0,1,0,1,0
425,426,0,28.0,0,0,7.25,0,84.0,7.25,0,1,1,0,1,0,1,0
426,427,1,28.0,1,0,26.0,1,56.0,13.0,1,0,0,0,1,0,0,1
427,428,1,19.0,0,0,26.0,0,38.0,26.0,1,0,0,0,1,1,0,0
428,429,0,28.0,0,0,7.75,0,84.0,7.75,0,1,1,1,0,0,1,0
429,430,1,32.0,0,0,8.05,0,96.0,8.05,0,1,1,0,1,0,1,0
430,431,1,28.0,0,0,26.55,0,28.0,26.55,0,0,1,0,1,0,1,0
431,432,1,28.0,1,0,16.1,1,84.0,8.05,0,1,0,0,1,0,0,1
432,433,1,42.0,1,0,26.0,1,84.0,13.0,1,0,0,0,1,0,0,1
433,434,0,17.0,0,0,7.125,0,51.0,7.125,0,1,1,0,1,0,1,0
434,435,0,50.0,1,0,55.9,1,50.0,27.95,0,0,1,0,1,0,1,0
435,436,1,14.0,1,2,120.0,3,14.0,30.0,0,0,0,0,1,1,0,0
436,437,0,21.0,2,2,34.375,4,63.0,6.875,0,1,0,0,1,1,0,0
437,438,1,24.0,2,3,18.75,5,48.0,3.125,1,0,0,0,1,0,0,1
438,439,0,64.0,1,4,263.0,5,64.0,43.833333333333336,0,0,1,0,1,0,1,0
439,440,0,31.0,0,0,10.5,0,62.0,10.5,1,0,1,0,1,0,1,0
440,441,1,45.0,1,1,26.25,2,90.0,8.75,1,0,0,0,1,0,0,1
441,442,0,20.0,0,0,9.5,0,60.0,9.5,0,1,1,0,1,0,1,0
442,443,0,25.0,1,0,7.775,1,75.0,3.8875,0,1,1,0,1,0,1,0
443,444,1,28.0,0,0,13.0,0,56.0,13.0,1,0,0,0,1,1,0,0
444,445,1,28.0,0,0,8.1125,0,84.0,8.1125,0,1,1,0,1,0,1,0
445,446,1,4.0,0,2,81.8583,2,4.0,27.2861,0,0,1,0,1,0,0,0
446,447,1,13.0,0,1,19.5,1,26.0,9.75,1,0,0,0,1,1,0,0
447,448,1,34.0,0,0,26.55,0,34.0,26.55,0,0,1,0,1,0,1,0
448,449,1,5.0,2,1,19.2583,3,15.0,4.814575,0,1,0,0,0,1,0,0
449,450,1,52.0,0,0,30.5,0,52.0,30.5,0,0,1,0,1,0,1,0
450,451,0,36.0,1,2,27.75,3,72.0,6.9375,1,0,1,0,1,0,1,0
451,452,0,28.0,1,0,19.9667,1,84.0,9.98335,0,1,1,0,1,0,1,0
452,453,0,30.0,0,0,27.75,0,30.0,27.75,0,0,1,0,0,0,1,0
453,454,1,49.0,1,0,89.1042,1,49.0,44.5521,0,0,1,0,0,0,1,0
454,455,0,28.0,0,0,8.05,0,84.0,8.05,0,1,1,0,1,0,1,0
455,456,1,29.0,0,0,7.8958,0,87.0,7.8958,0,1,1,0,0,0,1,0
456,457,0,65.0,0,0,26.55,0,65.0,26.55,0,0,1,0,1,0,1,0
457,458,1,28.0,1,0,51.8625,1,28.0,25.93125,0,0,0,0,1,0,0,1
458,459,1,50.0,0,0,10.5,0,100.0,10.5,1,0,0,0,1,1,0,0
459,460,0,28.0,0,0,7.75,0,84.0,7.75,0,1,1,1,0,0,1,0
460,461,1,48.0,0,0,26.55,0,48.0,26.55,0,0,1,0,1,0,1,0
461,462,0,34.0,0,0,8.05,0,102.0,8.05,0,1,1,0,1,0,1,0
462,463,0,47.0,0,0,38.5,0,47.0,38.5,0,0,1,0,1,0,1,0
463,464,0,48.0,0,0,13.0,0,96.0,13.0,1,0,1,0,1,0,1,0
464,465,0,28.0,0,0,8.05,0,84.0,8.05,0,1,1,0,1,0,1,0
465,466,0,38.0,0,0,7.05,0,114.0,7.05,0,1,1,0,1,0,1,0
466,467,0,28.0,0,0,0.0,0,56.0,0.0,1,0,1,0,1,0,1,0
467,468,0,56.0,0,0,26.55,0,56.0,26.55,0,0,1,0,1,0,1,0
468,469,0,28.0,0,0,7.725,0,84.0,7.725,0,1,1,1,0,0,1,0
469,470,1,0.75,2,1,19.2583,3,2.25,4.814575,0,1,0,0,0,1,0,0
470,471,0,28.0,0,0,7.25,0,84.0,7.25,0,1,1,0,1,0,1,0
471,472,0,38.0,0,0,8.6625,0,114.0,8.6625,0,1,1,0,1,0,1,0
472,473,1,33.0,1,2,27.75,3,66.0,6.9375,1,0,0,0,1,0,0,1
473,474,1,23.0,0,0,13.7917,0,46.0,13.7917,1,0,0,0,0,0,0,1
474,475,0,22.0,0,0,9.8375,0,66.0,9.8375,0,1,0,0,1,1,0,0
475,476,0,28.0,0,0,52.0,0,28.0,52.0,0,0,1,0,1,0,1,0
476,477,0,34.0,1,0,21.0,1,68.0,10.5,1,0,1,0,1,0,1,0
477,478,0,29.0,1,0,7.0458,1,87.0,3.5229,0,1,1,0,1,0,1,0
478,479,0,22.0,0,0,7.5208,0,66.0,7.5208,0,1,1,0,1,0,1,0
479,480,1,2.0,0,1,12.2875,1,6.0,6.14375,0,1,0,0,1,1,0,0
480,481,0,9.0,5,2,46.9,7,27.0,5.8625,0,1,1,0,1,0,0,0
481,482,0,28.0,0,0,0.0,0,56.0,0.0,1,0,1,0,1,0,1,0
482,483,0,50.0,0,0,8.05,0,150.0,8.05,0,1,1,0,1,0,1,0
483,484,1,63.0,0,0,9.5875,0,189.0,9.5875,0,1,0,0,1,0,0,1
484,485,1,25.0,1,0,91.0792,1,25.0,45.5396,0,0,1,0,0,0,1,0
485,486,0,28.0,3,1,25.4667,4,84.0,5.0933399999999995,0,1,0,0,1,1,0,0
486,487,1,35.0,1,0,90.0,1,35.0,45.0,0,0,0,0,1,0,0,1
487,488,0,58.0,0,0,29.7,0,58.0,29.7,0,0,1,0,0,0,1,0
488,489,0,30.0,0,0,8.05,0,90.0,8.05,0,1,1,0,1,0,1,0
489,490,1,9.0,1,1,15.9,2,27.0,5.3,0,1,1,0,1,0,0,0
490,491,0,28.0,1,0,19.9667,1,84.0,9.98335,0,1,1,0,1,0,1,0
491,492,0,21.0,0,0,7.25,0,63.0,7.25,0,1,1,0,1,0,1,0
492,493,0,55.0,0,0,30.5,0,55.0,30.5,0,0,1,0,1,0,1,0
493,494,0,71.0,0,0,49.5042,0,71.0,49.5042,0,0,1,0,0,0,1,0
494,495,0,21.0,0,0,8.05,0,63.0,8.05,0,1,1,0,1,0,1,0
495,496,0,28.0,0,0,14.4583,0,84.0,14.4583,0,1,1,0,0,0,1,0
496,497,1,54.0,1,0,78.2667,1,54.0,39.13335,0,0,0,0,0,1,0,0
497,498,0,28.0,0,0,15.1,0,84.0,15.1,0,1,1,0,1,0,1,0
498,499,0,25.0,1,2,151.55,3,25.0,37.8875,0,0,0,0,1,0,0,1
499,500,0,24.0,0,0,7.7958,0,72.0,7.7958,0,1,1,0,1,0,1,0
500,501,0,17.0,0,0,8.6625,0,51.0,8.6625,0,1,1,0,1,0,1,0
501,502,0,21.0,0,0,7.75,0,63.0,7.75,0,1,0,1,0,1,0,0
502,503,0,28.0,0,0,7.6292,0,84.0,7.6292,0,1,0,1,0,1,0,0
503,504,0,37.0,0,0,9.5875,0,111.0,9.5875,0,1,0,0,1,1,0,0
504,505,1,16.0,0,0,86.5,0,16.0,86.5,0,0,0,0,1,1,0,0
505,506,0,18.0,1,0,108.9,1,18.0,54.45,0,0,1,0,0,0,1,0
506,507,1,33.0,0,2,26.0,2,66.0,8.666666666666666,1,0,0,0,1,0,0,1
507,508,1,28.0,0,0,26.55,0,28.0,26.55,0,0,1,0,1,0,1,0
508,509,0,28.0,0,0,22.525,0,84.0,22.525,0,1,1,0,1,0,1,0
509,510,1,26.0,0,0,56.4958,0,78.0,56.4958,0,1,1,0,1,0,1,0
510,511,1,29.0,0,0,7.75,0,87.0,7.75,0,1,1,1,0,0,1,0
511,512,0,28.0,0,0,8.05,0,84.0,8.05,0,1,1,0,1,0,1,0
512,513,1,36.0,0,0,26.2875,0,36.0,26.2875,0,0,1,0,1,0,1,0
513,514,1,54.0,1,0,59.4,1,54.0,29.7,0,0,0,0,0,0,0,1
514,515,0,24.0,0,0,7.4958,0,72.0,7.4958,0,1,1,0,1,0,1,0
515,516,0,47.0,0,0,34.0208,0,47.0,34.0208,0,0,1,0,1,0,1,0
516,517,1,34.0,0,0,10.5,0,68.0,10.5,1,0,0,0,1,0,0,1
517,518,0,28.0,0,0,24.15,0,84.0,24.15,0,1,1,1,0,0,1,0
518,519,1,36.0,1,0,26.0,1,72.0,13.0,1,0,0,0,1,0,0,1
519,520,0,32.0,0,0,7.8958,0,96.0,7.8958,0,1,1,0,1,0,1,0
520,521,1,30.0,0,0,93.5,0,30.0,93.5,0,0,0,0,1,1,0,0
521,522,0,22.0,0,0,7.8958,0,66.0,7.8958,0,1,1,0,1,0,1,0
522,523,0,28.0,0,0,7.225,0,84.0,7.225,0,1,1,0,0,0,1,0
523,524,1,44.0,0,1,57.9792,1,44.0,28.9896,0,0,0,0,0,0,0,1
524,525,0,28.0,0,0,7.2292,0,84.0,7.2292,0,1,1,0,0,0,1,0
525,526,0,40.5,0,0,7.75,0,121.5,7.75,0,1,1,1,0,0,1,0
526,527,1,50.0,0,0,10.5,0,100.0,10.5,1,0,0,0,1,1,0,0
527,528,0,28.0,0,0,221.7792,0,28.0,221.7792,0,0,1,0,1,0,1,0
528,529,0,39.0,0,0,7.925,0,117.0,7.925,0,1,1,0,1,0,1,0
529,530,0,23.0,2,1,11.5,3,46.0,2.875,1,0,1,0,1,0,1,0
530,531,1,2.0,1,1,26.0,2,4.0,8.666666666666666,1,0,0,0,1,1,0,0
531,532,0,28.0,0,0,7.2292,0,84.0,7.2292,0,1,1,0,0,0,1,0
532,533,0,17.0,1,1,7.2292,2,51.0,2.409733333333333,0,1,1,0,0,0,1,0
533,534,1,28.0,0,2,22.3583,2,84.0,7.452766666666666,0,1,0,0,0,0,0,1
534,535,0,30.0,0,0,8.6625,0,90.0,8.6625,0,1,0,0,1,1,0,0
535,536,1,7.0,0,2,26.25,2,14.0,8.75,1,0,0,0,1,1,0,0
536,537,0,45.0,0,0,26.55,0,45.0,26.55,0,0,1,0,1,0,1,0
537,538,1,30.0,0,0,106.425,0,30.0,106.425,0,0,0,0,0,1,0,0
538,539,0,28.0,0,0,14.5,0,84.0,14.5,0,1,1,0,1,0,1,0
539,540,1,22.0,0,2,49.5,2,22.0,16.5,0,0,0,0,0,1,0,0
540,541,1,36.0,0,2,71.0,2,36.0,23.666666666666668,0,0,0,0,1,1,0,0
541,542,0,9.0,4,2,31.275,6,27.0,4.4678571428571425,0,1,0,0,1,1,0,0
542,543,0,11.0,4,2,31.275,6,33.0,4.4678571428571425,0,1,0,0,1,1,0,0
543,544,1,32.0,1,0,26.0,1,64.0,13.0,1,0,1,0,1,0,1,0
544,545,0,50.0,1,0,106.425,1,50.0,53.2125,0,0,1,0,0,0,1,0
545,546,0,64.0,0,0,26.0,0,64.0,26.0,0,0,1,0,1,0,1,0
546,547,1,19.0,1,0,26.0,1,38.0,13.0,1,0,0,0,1,0,0,1
547,548,1,28.0,0,0,13.8625,0,56.0,13.8625,1,0,1,0,0,0,1,0
548,549,0,33.0,1,1,20.525,2,99.0,6.841666666666666,0,1,1,0,1,0,1,0
549,550,1,8.0,1,1,36.75,2,16.0,12.25,1,0,1,0,1,0,0,0
550,551,1,17.0,0,2,110.8833,2,17.0,36.9611,0,0,1,0,0,0,1,0
551,552,0,27.0,0,0,26.0,0,54.0,26.0,1,0,1,0,1,0,1,0
552,553,0,28.0,0,0,7.8292,0,84.0,7.8292,0,1,1,1,0,0,1,0
553,554,1,22.0,0,0,7.225,0,66.0,7.225,0,1,1,0,0,0,1,0
554,555,1,22.0,0,0,7.775,0,66.0,7.775,0,1,0,0,1,1,0,0
555,556,0,62.0,0,0,26.55,0,62.0,26.55,0,0,1,0,1,0,1,0
556,557,1,48.0,1,0,39.6,1,48.0,19.8,0,0,0,0,0,0,0,1
557,558,0,28.0,0,0,227.525,0,28.0,227.525,0,0,1,0,0,0,1,0
558,559,1,39.0,1,1,79.65,2,39.0,26.55,0,0,0,0,1,0,0,1
559,560,1,36.0,1,0,17.4,1,108.0,8.7,0,1,0,0,1,0,0,1
560,561,0,28.0,0,0,7.75,0,84.0,7.75,0,1,1,1,0,0,1,0
561,562,0,40.0,0,0,7.8958,0,120.0,7.8958,0,1,1,0,1,0,1,0
562,563,0,28.0,0,0,13.5,0,56.0,13.5,1,0,1,0,1,0,1,0
563,564,0,28.0,0,0,8.05,0,84.0,8.05,0,1,1,0,1,0,1,0
564,565,0,28.0,0,0,8.05,0,84.0,8.05,0,1,0,0,1,1,0,0
565,566,0,24.0,2,0,24.15,2,72.0,8.049999999999999,0,1,1,0,1,0,1,0
566,567,0,19.0,0,0,7.8958,0,57.0,7.8958,0,1,1,0,1,0,1,0
567,568,0,29.0,0,4,21.075,4,87.0,4.215,0,1,0,0,1,0,0,1
568,569,0,28.0,0,0,7.2292,0,84.0,7.2292,0,1,1,0,0,0,1,0
569,570,1,32.0,0,0,7.8542,0,96.0,7.8542,0,1,1,0,1,0,1,0
570,571,1,62.0,0,0,10.5,0,124.0,10.5,1,0,1,0,1,0,1,0
571,572,1,53.0,2,0,51.4792,2,53.0,17.15973333333333,0,0,0,0,1,0,0,1
572,573,1,36.0,0,0,26.3875,0,36.0,26.3875,0,0,1,0,1,0,1,0
573,574,1,28.0,0,0,7.75,0,84.0,7.75,0,1,0,1,0,1,0,0
574,575,0,16.0,0,0,8.05,0,48.0,8.05,0,1,1,0,1,0,1,0
575,576,0,19.0,0,0,14.5,0,57.0,14.5,0,1,1,0,1,0,1,0
576,577,1,34.0,0,0,13.0,0,68.0,13.0,1,0,0,0,1,1,0,0
577,578,1,39.0,1,0,55.9,1,39.0,27.95,0,0,0,0,1,0,0,1
578,579,0,28.0,1,0,14.4583,1,84.0,7.22915,0,1,0,0,0,0,0,1
579,580,1,32.0,0,0,7.925,0,96.0,7.925,0,1,1,0,1,0,1,0
580,581,1,25.0,1,1,30.0,2,50.0,10.0,1,0,0,0,1,1,0,0
581,582,1,39.0,1,1,110.8833,2,39.0,36.9611,0,0,0,0,0,0,0,1
582,583,0,54.0,0,0,26.0,0,108.0,26.0,1,0,1,0,1,0,1,0
583,584,0,36.0,0,0,40.125,0,36.0,40.125,0,0,1,0,0,0,1,0
584,585,0,28.0,0,0,8.7125,0,84.0,8.7125,0,1,1,0,0,0,1,0
585,586,1,18.0,0,2,79.65,2,18.0,26.55,0,0,0,0,1,1,0,0
586,587,0,47.0,0,0,15.0,0,94.0,15.0,1,0,1,0,1,0,1,0
587,588,1,60.0,1,1,79.2,2,60.0,26.400000000000002,0,0,1,0,0,0,1,0
588,589,0,22.0,0,0,8.05,0,66.0,8.05,0,1,1,0,1,0,1,0
589,590,0,28.0,0,0,8.05,0,84.0,8.05,0,1,1,0,1,0,1,0
590,591,0,35.0,0,0,7.125,0,105.0,7.125,0,1,1,0,1,0,1,0
591,592,1,52.0,1,0,78.2667,1,52.0,39.13335,0,0,0,0,0,0,0,1
592,593,0,47.0,0,0,7.25,0,141.0,7.25,0,1,1,0,1,0,1,0
593,594,0,28.0,0,2,7.75,2,84.0,2.5833333333333335,0,1,0,1,0,1,0,0
594,595,0,37.0,1,0,26.0,1,74.0,13.0,1,0,1,0,1,0,1,0
595,596,0,36.0,1,1,24.15,2,108.0,8.049999999999999,0,1,1,0,1,0,1,0
596,597,1,28.0,0,0,33.0,0,56.0,33.0,1,0,0,0,1,1,0,0
597,598,0,49.0,0,0,0.0,0,147.0,0.0,0,1,1,0,1,0,1,0
598,599,0,28.0,0,0,7.225,0,84.0,7.225,0,1,1,0,0,0,1,0
599,600,1,49.0,1,0,56.9292,1,49.0,28.4646,0,0,1,0,0,0,1,0
600,601,1,24.0,2,1,27.0,3,48.0,6.75,1,0,0,0,1,0,0,1
601,602,0,28.0,0,0,7.8958,0,84.0,7.8958,0,1,1,0,1,0,1,0
602,603,0,28.0,0,0,42.4,0,28.0,42.4,0,0,1,0,1,0,1,0
603,604,0,44.0,0,0,8.05,0,132.0,8.05,0,1,1,0,1,0,1,0
604,605,1,35.0,0,0,26.55,0,35.0,26.55,0,0,1,0,0,0,1,0
605,606,0,36.0,1,0,15.55,1,108.0,7.775,0,1,1,0,1,0,1,0
606,607,0,30.0,0,0,7.8958,0,90.0,7.8958,0,1,1,0,1,0,1,0
607,608,1,27.0,0,0,30.5,0,27.0,30.5,0,0,1,0,1,0,1,0
608,609,1,22.0,1,2,41.5792,3,44.0,10.3948,1,0,0,0,0,0,0,1
609,610,1,40.0,0,0,153.4625,0,40.0,153.4625,0,0,0,0,1,1,0,0
610,611,0,39.0,1,5,31.275,6,117.0,4.4678571428571425,0,1,0,0,1,0,0,1
611,612,0,28.0,0,0,7.05,0,84.0,7.05,0,1,1,0,1,0,1,0
612,613,1,28.0,1,0,15.5,1,84.0,7.75,0,1,0,1,0,1,0,0
613,614,0,28.0,0,0,7.75,0,84.0,7.75,0,1,1,1,0,0,1,0
614,615,0,35.0,0,0,8.05,0,105.0,8.05,0,1,1,0,1,0,1,0
615,616,1,24.0,1,2,65.0,3,48.0,16.25,1,0,0,0,1,1,0,0
616,617,0,34.0,1,1,14.4,2,102.0,4.8,0,1,1,0,1,0,1,0
617,618,0,26.0,1,0,16.1,1,78.0,8.05,0,1,0,0,1,0,0,1
618,619,1,4.0,2,1,39.0,3,8.0,9.75,1,0,0,0,1,1,0,0
619,620,0,26.0,0,0,10.5,0,52.0,10.5,1,0,1,0,1,0,1,0
620,621,0,27.0,1,0,14.4542,1,81.0,7.2271,0,1,1,0,0,0,1,0
621,622,1,42.0,1,0,52.5542,1,42.0,26.2771,0,0,1,0,1,0,1,0
622,623,1,20.0,1,1,15.7417,2,60.0,5.247233333333333,0,1,1,0,0,0,1,0
623,624,0,21.0,0,0,7.8542,0,63.0,7.8542,0,1,1,0,1,0,1,0
624,625,0,21.0,0,0,16.1,0,63.0,16.1,0,1,1,0,1,0,1,0
625,626,0,61.0,0,0,32.3208,0,61.0,32.3208,0,0,1,0,1,0,1,0
626,627,0,57.0,0,0,12.35,0,114.0,12.35,1,0,1,1,0,0,1,0
627,628,1,21.0,0,0,77.9583,0,21.0,77.9583,0,0,0,0,1,1,0,0
628,629,0,26.0,0,0,7.8958,0,78.0,7.8958,0,1,1,0,1,0,1,0
629,630,0,28.0,0,0,7.7333,0,84.0,7.7333,0,1,1,1,0,0,1,0
630,631,1,80.0,0,0,30.0,0,80.0,30.0,0,0,1,0,1,0,1,0
631,632,0,51.0,0,0,7.0542,0,153.0,7.0542,0,1,1,0,1,0,1,0
632,633,1,32.0,0,0,30.5,0,32.0,30.5,0,0,1,0,0,0,1,0
633,634,0,28.0,0,0,0.0,0,28.0,0.0,0,0,1,0,1,0,1,0
634,635,0,9.0,3,2,27.9,5,27.0,4.6499999999999995,0,1,0,0,1,1,0,0
635,636,1,28.0,0,0,13.0,0,56.0,13.0,1,0,0,0,1,1,0,0
636,637,0,32.0,0,0,7.925,0,96.0,7.925,0,1,1,0,1,0,1,0
637,638,0,31.0,1,1,26.25,2,62.0,8.75,1,0,1,0,1,0,1,0
638,639,0,41.0,0,5,39.6875,5,123.0,6.614583333333333,0,1,0,0,1,0,0,1
639,640,0,28.0,1,0,16.1,1,84.0,8.05,0,1,1,0,1,0,1,0
640,641,0,20.0,0,0,7.8542,0,60.0,7.8542,0,1,1,0,1,0,1,0
641,642,1,24.0,0,0,69.3,0,24.0,69.3,0,0,0,0,0,1,0,0
642,643,0,2.0,3,2,27.9,5,6.0,4.6499999999999995,0,1,0,0,1,1,0,0
643,644,1,28.0,0,0,56.4958,0,84.0,56.4958,0,1,1,0,1,0,1,0
644,645,1,0.75,2,1,19.2583,3,2.25,4.814575,0,1,0,0,0,1,0,0
645,646,1,48.0,1,0,76.7292,1,48.0,38.3646,0,0,1,0,0,0,1,0
646,647,0,19.0,0,0,7.8958,0,57.0,7.8958,0,1,1,0,1,0,1,0
647,648,1,56.0,0,0,35.5,0,56.0,35.5,0,0,1,0,0,0,1,0
648,649,0,28.0,0,0,7.55,0,84.0,7.55,0,1,1,0,1,0,1,0
649,650,1,23.0,0,0,7.55,0,69.0,7.55,0,1,0,0,1,1,0,0
650,651,0,28.0,0,0,7.8958,0,84.0,7.8958,0,1,1,0,1,0,1,0
651,652,1,18.0,0,1,23.0,1,36.0,11.5,1,0,0,0,1,1,0,0
652,653,0,21.0,0,0,8.4333,0,63.0,8.4333,0,1,1,0,1,0,1,0
653,654,1,28.0,0,0,7.8292,0,84.0,7.8292,0,1,0,1,0,1,0,0
654,655,0,18.0,0,0,6.75,0,54.0,6.75,0,1,0,1,0,1,0,0
655,656,0,24.0,2,0,73.5,2,48.0,24.5,1,0,1,0,1,0,1,0
656,657,0,28.0,0,0,7.8958,0,84.0,7.8958,0,1,1,0,1,0,1,0
657,658,0,32.0,1,1,15.5,2,96.0,5.166666666666667,0,1,0,1,0,0,0,1
658,659,0,23.0,0,0,13.0,0,46.0,13.0,1,0,1,0,1,0,1,0
659,660,0,58.0,0,2,113.275,2,58.0,37.75833333333333,0,0,1,0,0,0,1,0
660,661,1,50.0,2,0,133.65,2,50.0,44.550000000000004,0,0,1,0,1,0,1,0
661,662,0,40.0,0,0,7.225,0,120.0,7.225,0,1,1,0,0,0,1,0
662,663,0,47.0,0,0,25.5875,0,47.0,25.5875,0,0,1,0,1,0,1,0
663,664,0,36.0,0,0,7.4958,0,108.0,7.4958,0,1,1,0,1,0,1,0
664,665,1,20.0,1,0,7.925,1,60.0,3.9625,0,1,1,0,1,0,1,0
665,666,0,32.0,2,0,73.5,2,64.0,24.5,1,0,1,0,1,0,1,0
666,667,0,25.0,0,0,13.0,0,50.0,13.0,1,0,1,0,1,0,1,0
667,668,0,28.0,0,0,7.775,0,84.0,7.775,0,1,1,0,1,0,1,0
668,669,0,43.0,0,0,8.05,0,129.0,8.05,0,1,1,0,1,0,1,0
669,670,1,28.0,1,0,52.0,1,28.0,26.0,0,0,0,0,1,0,0,1
670,671,1,40.0,1,1,39.0,2,80.0,13.0,1,0,0,0,1,0,0,1
671,672,0,31.0,1,0,52.0,1,31.0,26.0,0,0,1,0,1,0,1,0
672,673,0,70.0,0,0,10.5,0,140.0,10.5,1,0,1,0,1,0,1,0
673,674,1,31.0,0,0,13.0,0,62.0,13.0,1,0,1,0,1,0,1,0
674,675,0,28.0,0,0,0.0,0,56.0,0.0,1,0,1,0,1,0,1,0
675,676,0,18.0,0,0,7.775,0,54.0,7.775,0,1,1,0,1,0,1,0
676,677,0,24.5,0,0,8.05,0,73.5,8.05,0,1,1,0,1,0,1,0
677,678,1,18.0,0,0,9.8417,0,54.0,9.8417,0,1,0,0,1,1,0,0
678,679,0,43.0,1,6,46.9,7,129.0,5.8625,0,1,0,0,1,0,0,1
679,680,1,36.0,0,1,512.3292,1,36.0,256.1646,0,0,1,0,0,0,1,0
680,681,0,28.0,0,0,8.1375,0,84.0,8.1375,0,1,0,1,0,1,0,0
681,682,1,27.0,0,0,76.7292,0,27.0,76.7292,0,0,1,0,0,0,1,0
682,683,0,20.0,0,0,9.225,0,60.0,9.225,0,1,1,0,1,0,1,0
683,684,0,14.0,5,2,46.9,7,42.0,5.8625,0,1,1,0,1,0,1,0
684,685,0,60.0,1,1,39.0,2,120.0,13.0,1,0,1,0,1,0,1,0
685,686,0,25.0,1,2,41.5792,3,50.0,10.3948,1,0,1,0,0,0,1,0
686,687,0,14.0,4,1,39.6875,5,42.0,6.614583333333333,0,1,1,0,1,0,1,0
687,688,0,19.0,0,0,10.1708,0,57.0,10.1708,0,1,1,0,1,0,1,0
688,689,0,18.0,0,0,7.7958,0,54.0,7.7958,0,1,1,0,1,0,1,0
689,690,1,15.0,0,1,211.3375,1,15.0,105.66875,0,0,0,0,1,1,0,0
690,691,1,31.0,1,0,57.0,1,31.0,28.5,0,0,1,0,1,0,1,0
691,692,1,4.0,0,1,13.4167,1,12.0,6.70835,0,1,0,0,0,1,0,0
692,693,1,28.0,0,0,56.4958,0,84.0,56.4958,0,1,1,0,1,0,1,0
693,694,0,25.0,0,0,7.225,0,75.0,7.225,0,1,1,0,0,0,1,0
694,695,0,60.0,0,0,26.55,0,60.0,26.55,0,0,1,0,1,0,1,0
695,696,0,52.0,0,0,13.5,0,104.0,13.5,1,0,1,0,1,0,1,0
696,697,0,44.0,0,0,8.05,0,132.0,8.05,0,1,1,0,1,0,1,0
697,698,1,28.0,0,0,7.7333,0,84.0,7.7333,0,1,0,1,0,1,0,0
698,699,0,49.0,1,1,110.8833,2,49.0,36.9611,0,0,1,0,0,0,1,0
699,700,0,42.0,0,0,7.65,0,126.0,7.65,0,1,1,0,1,0,1,0
700,701,1,18.0,1,0,227.525,1,18.0,113.7625,0,0,0,0,0,0,0,1
701,702,1,35.0,0,0,26.2875,0,35.0,26.2875,0,0,1,0,1,0,1,0
702,703,0,18.0,0,1,14.4542,1,54.0,7.2271,0,1,0,0,0,1,0,0
703,704,0,25.0,0,0,7.7417,0,75.0,7.7417,0,1,1,1,0,0,1,0
704,705,0,26.0,1,0,7.8542,1,78.0,3.9271,0,1,1,0,1,0,1,0
705,706,0,39.0,0,0,26.0,0,78.0,26.0,1,0,1,0,1,0,1,0
706,707,1,45.0,0,0,13.5,0,90.0,13.5,1,0,0,0,1,0,0,1
707,708,1,42.0,0,0,26.2875,0,42.0,26.2875,0,0,1,0,1,0,1,0
708,709,1,22.0,0,0,151.55,0,22.0,151.55,0,0,0,0,1,1,0,0
709,710,1,28.0,1,1,15.2458,2,84.0,5.081933333333333,0,1,1,0,0,0,0,0
710,711,1,24.0,0,0,49.5042,0,24.0,49.5042,0,0,0,0,0,1,0,0
711,712,0,28.0,0,0,26.55,0,28.0,26.55,0,0,1,0,1,0,1,0
712,713,1,48.0,1,0,52.0,1,48.0,26.0,0,0,1,0,1,0,1,0
713,714,0,29.0,0,0,9.4833,0,87.0,9.4833,0,1,1,0,1,0,1,0
714,715,0,52.0,0,0,13.0,0,104.0,13.0,1,0,1,0,1,0,1,0
715,716,0,19.0,0,0,7.65,0,57.0,7.65,0,1,1,0,1,0,1,0
716,717,1,38.0,0,0,227.525,0,38.0,227.525,0,0,0,0,0,1,0,0
717,718,1,27.0,0,0,10.5,0,54.0,10.5,1,0,0,0,1,1,0,0
718,719,0,28.0,0,0,15.5,0,84.0,15.5,0,1,1,1,0,0,1,0
719,720,0,33.0,0,0,7.775,0,99.0,7.775,0,1,1,0,1,0,1,0
720,721,1,6.0,0,1,33.0,1,12.0,16.5,1,0,0,0,1,1,0,0
721,722,0,17.0,1,0,7.0542,1,51.0,3.5271,0,1,1,0,1,0,1,0
722,723,0,34.0,0,0,13.0,0,68.0,13.0,1,0,1,0,1,0,1,0
723,724,0,50.0,0,0,13.0,0,100.0,13.0,1,0,1,0,1,0,1,0
724,725,1,27.0,1,0,53.1,1,27.0,26.55,0,0,1,0,1,0,1,0
725,726,0,20.0,0,0,8.6625,0,60.0,8.6625,0,1,1,0,1,0,1,0
726,727,1,30.0,3,0,21.0,3,60.0,5.25,1,0,0,0,1,0,0,1
727,728,1,28.0,0,0,7.7375,0,84.0,7.7375,0,1,0,1,0,1,0,0
728,729,0,25.0,1,0,26.0,1,50.0,13.0,1,0,1,0,1,0,1,0
729,730,0,25.0,1,0,7.925,1,75.0,3.9625,0,1,0,0,1,1,0,0
730,731,1,29.0,0,0,211.3375,0,29.0,211.3375,0,0,0,0,1,1,0,0
731,732,0,11.0,0,0,18.7875,0,33.0,18.7875,0,1,1,0,0,0,1,0
732,733,0,28.0,0,0,0.0,0,56.0,0.0,1,0,1,0,1,0,1,0
733,734,0,23.0,0,0,13.0,0,46.0,13.0,1,0,1,0,1,0,1,0
734,735,0,23.0,0,0,13.0,0,46.0,13.0,1,0,1,0,1,0,1,0
735,736,0,28.5,0,0,16.1,0,85.5,16.1,0,1,1,0,1,0,1,0
736,737,0,48.0,1,3,34.375,4,144.0,6.875,0,1,0,0,1,0,0,1
737,738,1,35.0,0,0,512.3292,0,35.0,512.3292,0,0,1,0,0,0,1,0
738,739,0,28.0,0,0,7.8958,0,84.0,7.8958,0,1,1,0,1,0,1,0
739,740,0,28.0,0,0,7.8958,0,84.0,7.8958,0,1,1,0,1,0,1,0
740,741,1,28.0,0,0,30.0,0,28.0,30.0,0,0,1,0,1,0,1,0
741,742,0,36.0,1,0,78.85,1,36.0,39.425,0,0,1,0,1,0,1,0
742,743,1,21.0,2,2,262.375,4,21.0,52.475,0,0,0,0,0,1,0,0
743,744,0,24.0,1,0,16.1,1,72.0,8.05,0,1,1,0,1,0,1,0
744,745,1,31.0,0,0,7.925,0,93.0,7.925,0,1,1,0,1,0,1,0
745,746,0,70.0,1,1,71.0,2,70.0,23.666666666666668,0,0,1,0,1,0,1,0
746,747,0,16.0,1,1,20.25,2,48.0,6.75,0,1,1,0,1,0,1,0
747,748,1,30.0,0,0,13.0,0,60.0,13.0,1,0,0,0,1,1,0,0
748,749,0,19.0,1,0,53.1,1,19.0,26.55,0,0,1,0,1,0,1,0
749,750,0,31.0,0,0,7.75,0,93.0,7.75,0,1,1,1,0,0,1,0
750,751,1,4.0,1,1,23.0,2,8.0,7.666666666666667,1,0,0,0,1,1,0,0
751,752,1,6.0,0,1,12.475,1,18.0,6.2375,0,1,1,0,1,0,0,0
752,753,0,33.0,0,0,9.5,0,99.0,9.5,0,1,1,0,1,0,1,0
753,754,0,23.0,0,0,7.8958,0,69.0,7.8958,0,1,1,0,1,0,1,0
754,755,1,48.0,1,2,65.0,3,96.0,16.25,1,0,0,0,1,0,0,1
755,756,1,0.67,1,1,14.5,2,1.34,4.833333333333333,1,0,1,0,1,0,0,0
756,757,0,28.0,0,0,7.7958,0,84.0,7.7958,0,1,1,0,1,0,1,0
757,758,0,18.0,0,0,11.5,0,36.0,11.5,1,0,1,0,1,0,1,0
758,759,0,34.0,0,0,8.05,0,102.0,8.05,0,1,1,0,1,0,1,0
759,760,1,33.0,0,0,86.5,0,33.0,86.5,0,0,0,0,1,0,0,1
760,761,0,28.0,0,0,14.5,0,84.0,14.5,0,1,1,0,1,0,1,0
761,762,0,41.0,0,0,7.125,0,123.0,7.125,0,1,1,0,1,0,1,0
762,763,1,20.0,0,0,7.2292,0,60.0,7.2292,0,1,1,0,0,0,1,0
763,764,1,36.0,1,2,120.0,3,36.0,30.0,0,0,0,0,1,0,0,1
764,765,0,16.0,0,0,7.775,0,48.0,7.775,0,1,1,0,1,0,1,0
765,766,1,51.0,1,0,77.9583,1,51.0,38.97915,0,0,0,0,1,0,0,1
766,767,0,28.0,0,0,39.6,0,28.0,39.6,0,0,1,0,0,0,1,0
767,768,0,30.5,0,0,7.75,0,91.5,7.75,0,1,0,1,0,1,0,0
768,769,0,28.0,1,0,24.15,1,84.0,12.075,0,1,1,1,0,0,1,0
769,770,0,32.0,0,0,8.3625,0,96.0,8.3625,0,1,1,0,1,0,1,0
770,771,0,24.0,0,0,9.5,0,72.0,9.5,0,1,1,0,1,0,1,0
771,772,0,48.0,0,0,7.8542,0,144.0,7.8542,0,1,1,0,1,0,1,0
772,773,0,57.0,0,0,10.5,0,114.0,10.5,1,0,0,0,1,0,0,1
773,774,0,28.0,0,0,7.225,0,84.0,7.225,0,1,1,0,0,0,1,0
774,775,1,54.0,1,3,23.0,4,108.0,4.6,1,0,0,0,1,0,0,1
775,776,0,18.0,0,0,7.75,0,54.0,7.75,0,1,1,0,1,0,1,0
776,777,0,28.0,0,0,7.75,0,84.0,7.75,0,1,1,1,0,0,1,0
777,778,1,5.0,0,0,12.475,0,15.0,12.475,0,1,0,0,1,1,0,0
778,779,0,28.0,0,0,7.7375,0,84.0,7.7375,0,1,1,1,0,0,1,0
779,780,1,43.0,0,1,211.3375,1,43.0,105.66875,0,0,0,0,1,0,0,1
780,781,1,13.0,0,0,7.2292,0,39.0,7.2292,0,1,0,0,0,1,0,0
781,782,1,17.0,1,0,57.0,1,17.0,28.5,0,0,0,0,1,0,0,1
782,783,0,29.0,0,0,30.0,0,29.0,30.0,0,0,1,0,1,0,1,0
783,784,0,28.0,1,2,23.45,3,84.0,5.8625,0,1,1,0,1,0,1,0
784,785,0,25.0,0,0,7.05,0,75.0,7.05,0,1,1,0,1,0,1,0
785,786,0,25.0,0,0,7.25,0,75.0,7.25,0,1,1,0,1,0,1,0
786,787,1,18.0,0,0,7.4958,0,54.0,7.4958,0,1,0,0,1,1,0,0
787,788,0,8.0,4,1,29.125,5,24.0,4.854166666666667,0,1,1,1,0,0,0,0
788,789,1,1.0,1,2,20.575,3,3.0,5.14375,0,1,1,0,1,0,0,0
789,790,0,46.0,0,0,79.2,0,46.0,79.2,0,0,1,0,0,0,1,0
790,791,0,28.0,0,0,7.75,0,84.0,7.75,0,1,1,1,0,0,1,0
791,792,0,16.0,0,0,26.0,0,32.0,26.0,1,0,1,0,1,0,1,0
792,793,0,28.0,8,2,69.55,10,84.0,6.322727272727272,0,1,0,0,1,1,0,0
793,794,0,28.0,0,0,30.6958,0,28.0,30.6958,0,0,1,0,0,0,1,0
794,795,0,25.0,0,0,7.8958,0,75.0,7.8958,0,1,1,0,1,0,1,0
795,796,0,39.0,0,0,13.0,0,78.0,13.0,1,0,1,0,1,0,1,0
796,797,1,49.0,0,0,25.9292,0,49.0,25.9292,0,0,0,0,1,0,0,1
797,798,1,31.0,0,0,8.6833,0,93.0,8.6833,0,1,0,0,1,0,0,1
798,799,0,30.0,0,0,7.2292,0,90.0,7.2292,0,1,1,0,0,0,1,0
799,800,0,30.0,1,1,24.15,2,90.0,8.049999999999999,0,1,0,0,1,0,0,1
800,801,0,34.0,0,0,13.0,0,68.0,13.0,1,0,1,0,1,0,1,0
801,802,1,31.0,1,1,26.25,2,62.0,8.75,1,0,0,0,1,0,0,1
802,803,1,11.0,1,2,120.0,3,11.0,30.0,0,0,1,0,1,0,0,0
803,804,1,0.42,0,1,8.5167,1,1.26,4.25835,0,1,1,0,0,0,0,0
804,805,1,27.0,0,0,6.975,0,81.0,6.975,0,1,1,0,1,0,1,0
805,806,0,31.0,0,0,7.775,0,93.0,7.775,0,1,1,0,1,0,1,0
806,807,0,39.0,0,0,0.0,0,39.0,0.0,0,0,1,0,1,0,1,0
807,808,0,18.0,0,0,7.775,0,54.0,7.775,0,1,0,0,1,1,0,0
808,809,0,39.0,0,0,13.0,0,78.0,13.0,1,0,1,0,1,0,1,0
809,810,1,33.0,1,0,53.1,1,33.0,26.55,0,0,0,0,1,0,0,1
810,811,0,26.0,0,0,7.8875,0,78.0,7.8875,0,1,1,0,1,0,1,0
811,812,0,39.0,0,0,24.15,0,117.0,24.15,0,1,1,0,1,0,1,0
812,813,0,35.0,0,0,10.5,0,70.0,10.5,1,0,1,0,1,0,1,0
813,814,0,6.0,4,2,31.275,6,18.0,4.4678571428571425,0,1,0,0,1,1,0,0
814,815,0,30.5,0,0,8.05,0,91.5,8.05,0,1,1,0,1,0,1,0
815,816,0,28.0,0,0,0.0,0,28.0,0.0,0,0,1,0,1,0,1,0
816,817,0,23.0,0,0,7.925,0,69.0,7.925,0,1,0,0,1,1,0,0
817,818,0,31.0,1,1,37.0042,2,62.0,12.334733333333332,1,0,1,0,0,0,1,0
818,819,0,43.0,0,0,6.45,0,129.0,6.45,0,1,1,0,1,0,1,0
819,820,0,10.0,3,2,27.9,5,30.0,4.6499999999999995,0,1,1,0,1,0,0,0
820,821,1,52.0,1,1,93.5,2,52.0,31.166666666666668,0,0,0,0,1,0,0,1
821,822,1,27.0,0,0,8.6625,0,81.0,8.6625,0,1,1,0,1,0,1,0
822,823,0,38.0,0,0,0.0,0,38.0,0.0,0,0,1,0,1,0,1,0
823,824,1,27.0,0,1,12.475,1,81.0,6.2375,0,1,0,0,1,0,0,1
824,825,0,2.0,4,1,39.6875,5,6.0,6.614583333333333,0,1,1,0,1,0,0,0
825,826,0,28.0,0,0,6.95,0,84.0,6.95,0,1,1,1,0,0,1,0
826,827,0,28.0,0,0,56.4958,0,84.0,56.4958,0,1,1,0,1,0,1,0
827,828,1,1.0,0,2,37.0042,2,2.0,12.334733333333332,1,0,1,0,0,0,0,0
828,829,1,28.0,0,0,7.75,0,84.0,7.75,0,1,1,1,0,0,1,0
829,830,1,62.0,0,0,80.0,0,62.0,80.0,0,0,0,0,0,0,0,1
830,831,1,15.0,1,0,14.4542,1,45.0,7.2271,0,1,0,0,0,0,0,1
831,832,1,0.83,1,1,18.75,2,1.66,6.25,1,0,1,0,1,0,0,0
832,833,0,28.0,0,0,7.2292,0,84.0,7.2292,0,1,1,0,0,0,1,0
833,834,0,23.0,0,0,7.8542,0,69.0,7.8542,0,1,1,0,1,0,1,0
834,835,0,18.0,0,0,8.3,0,54.0,8.3,0,1,1,0,1,0,1,0
835,836,1,39.0,1,1,83.1583,2,39.0,27.71943333333333,0,0,0,0,0,1,0,0
836,837,0,21.0,0,0,8.6625,0,63.0,8.6625,0,1,1,0,1,0,1,0
837,838,0,28.0,0,0,8.05,0,84.0,8.05,0,1,1,0,1,0,1,0
838,839,1,32.0,0,0,56.4958,0,96.0,56.4958,0,1,1,0,1,0,1,0
839,840,1,28.0,0,0,29.7,0,28.0,29.7,0,0,1,0,0,0,1,0
840,841,0,20.0,0,0,7.925,0,60.0,7.925,0,1,1,0,1,0,1,0
841,842,0,16.0,0,0,10.5,0,32.0,10.5,1,0,1,0,1,0,1,0
842,843,1,30.0,0,0,31.0,0,30.0,31.0,0,0,0,0,0,1,0,0
843,844,0,34.5,0,0,6.4375,0,103.5,6.4375,0,1,1,0,0,0,1,0
844,845,0,17.0,0,0,8.6625,0,51.0,8.6625,0,1,1,0,1,0,1,0
845,846,0,42.0,0,0,7.55,0,126.0,7.55,0,1,1,0,1,0,1,0
846,847,0,28.0,8,2,69.55,10,84.0,6.322727272727272,0,1,1,0,1,0,1,0
847,848,0,35.0,0,0,7.8958,0,105.0,7.8958,0,1,1,0,0,0,1,0
848,849,0,28.0,0,1,33.0,1,56.0,16.5,1,0,1,0,1,0,1,0
849,850,1,28.0,1,0,89.1042,1,28.0,44.5521,0,0,0,0,0,0,0,1
850,851,0,4.0,4,2,31.275,6,12.0,4.4678571428571425,0,1,1,0,1,0,0,0
851,852,0,74.0,0,0,7.775,0,222.0,7.775,0,1,1,0,1,0,1,0
852,853,0,9.0,1,1,15.2458,2,27.0,5.081933333333333,0,1,0,0,0,1,0,0
853,854,1,16.0,0,1,39.4,1,16.0,19.7,0,0,0,0,1,1,0,0
854,855,0,44.0,1,0,26.0,1,88.0,13.0,1,0,0,0,1,0,0,1
855,856,1,18.0,0,1,9.35,1,54.0,4.675,0,1,0,0,1,0,0,1
856,857,1,45.0,1,1,164.8667,2,45.0,54.95556666666667,0,0,0,0,1,0,0,1
857,858,1,51.0,0,0,26.55,0,51.0,26.55,0,0,1,0,1,0,1,0
858,859,1,24.0,0,3,19.2583,3,72.0,4.814575,0,1,0,0,0,0,0,1
859,860,0,28.0,0,0,7.2292,0,84.0,7.2292,0,1,1,0,0,0,1,0
860,861,0,41.0,2,0,14.1083,2,123.0,4.702766666666666,0,1,1,0,1,0,1,0
861,862,0,21.0,1,0,11.5,1,42.0,5.75,1,0,1,0,1,0,1,0
862,863,1,48.0,0,0,25.9292,0,48.0,25.9292,0,0,0,0,1,0,0,1
863,864,0,28.0,8,2,69.55,10,84.0,6.322727272727272,0,1,0,0,1,1,0,0
864,865,0,24.0,0,0,13.0,0,48.0,13.0,1,0,1,0,1,0,1,0
865,866,1,42.0,0,0,13.0,0,84.0,13.0,1,0,0,0,1,0,0,1
866,867,1,27.0,1,0,13.8583,1,54.0,6.92915,1,0,0,0,0,1,0,0
867,868,0,31.0,0,0,50.4958,0,31.0,50.4958,0,0,1,0,1,0,1,0
868,869,0,28.0,0,0,9.5,0,84.0,9.5,0,1,1,0,1,0,1,0
869,870,1,4.0,1,1,11.1333,2,12.0,3.7111,0,1,1,0,1,0,0,0
870,871,0,26.0,0,0,7.8958,0,78.0,7.8958,0,1,1,0,1,0,1,0
871,872,1,47.0,1,1,52.5542,2,47.0,17.518066666666666,0,0,0,0,1,0,0,1
872,873,0,33.0,0,0,5.0,0,33.0,5.0,0,0,1,0,1,0,1,0
873,874,0,47.0,0,0,9.0,0,141.0,9.0,0,1,1,0,1,0,1,0
874,875,1,28.0,1,0,24.0,1,56.0,12.0,1,0,0,0,0,0,0,1
875,876,1,15.0,0,0,7.225,0,45.0,7.225,0,1,0,0,0,1,0,0
876,877,0,20.0,0,0,9.8458,0,60.0,9.8458,0,1,1,0,1,0,1,0
877,878,0,19.0,0,0,7.8958,0,57.0,7.8958,0,1,1,0,1,0,1,0
878,879,0,28.0,0,0,7.8958,0,84.0,7.8958,0,1,1,0,1,0,1,0
879,880,1,56.0,0,1,83.1583,1,56.0,41.57915,0,0,0,0,0,0,0,1
880,881,1,25.0,0,1,26.0,1,50.0,13.0,1,0,0,0,1,0,0,1
881,882,0,33.0,0,0,7.8958,0,99.0,7.8958,0,1,1,0,1,0,1,0
882,883,0,22.0,0,0,10.5167,0,66.0,10.5167,0,1,0,0,1,1,0,0
883,884,0,28.0,0,0,10.5,0,56.0,10.5,1,0,1,0,1,0,1,0
884,885,0,25.0,0,0,7.05,0,75.0,7.05,0,1,1,0,1,0,1,0
885,886,0,39.0,0,5,29.125,5,117.0,4.854166666666667,0,1,0,1,0,0,0,1
886,887,0,27.0,0,0,13.0,0,54.0,13.0,1,0,1,0,1,0,1,0
887,888,1,19.0,0,0,30.0,0,19.0,30.0,0,0,0,0,1,1,0,0
888,889,0,28.0,1,2,23.45,3,84.0,5.8625,0,1,0,0,1,1,0,0
889,890,1,26.0,0,0,30.0,0,26.0,30.0,0,0,1,0,0,0,1,0
890,891,0,32.0,0,0,7.75,0,96.0,7.75,0,1,1,1,0,0,1,0
